{"stats":{"minecraft:killed_by":{"minecraft:husk":1},"minecraft:crafted":{"minecraft:painting":1,"minecraft:air":0,"elake_chemical:graphite":35,"elake_chemical:copper_plate":31},"minecraft:dropped":{"elake_chemical:alcohol_lamp":1,"minecraft:copper_ingot":1,"minecraft:coal":1,"elake_chemical:grass_fiber":2,"elake_chemical:ir":1,"minecraft:infested_cobblestone":1},"minecraft:killed":{"minecraft:wandering_trader":1,"minecraft:trader_llama":2,"minecraft:villager":7},"minecraft:mined":{"minecraft:short_grass":168,"minecraft:grass_block":5,"minecraft:poppy":2,"minecraft:tall_grass":7,"minecraft:cobblestone":1,"minecraft:sandstone":4,"minecraft:oak_log":1,"minecraft:cobweb":2,"minecraft:stone":10},"minecraft:custom":{"minecraft:interact_with_furnace":21,"minecraft:mob_kills":10,"minecraft:interact_with_crafting_table":57,"minecraft:leave_game":58,"minecraft:time_since_death":368433,"minecraft:time_since_rest":37088,"minecraft:sprint_one_cm":48228,"minecraft:damage_taken":276,"minecraft:walk_one_cm":191635,"minecraft:drop":22,"minecraft:damage_dealt":2141,"minecraft:fly_one_cm":74748,"minecraft:crouch_one_cm":3435,"minecraft:play_time":405464,"minecraft:deaths":1,"minecraft:sneak_time":2450,"minecraft:jump":586,"minecraft:interact_with_blast_furnace":14,"minecraft:total_world_time":716476,"minecraft:fall_one_cm":1382},"minecraft:used":{"minecraft:short_grass":1,"elake_chemical:test_block_entity":1,"minecraft:flint_and_steel":1,"minecraft:redstone":1,"elake_chemical:stone_hammer":2,"minecraft:smooth_sandstone_slab":184,"minecraft:sandstone":69,"elake_chemical:test_block":2,"minecraft:sandstone_wall":36,"minecraft:smooth_sandstone_stairs":105,"elake_chemical:flint_pickaxe":2,"minecraft:glow_item_frame":85,"minecraft:torch":2,"elake_chemical:flint_sword":4,"elake_chemical:flint_axe":3,"minecraft:crafting_table":2,"minecraft:blast_furnace":1,"minecraft:painting":24,"minecraft:oak_log":5,"minecraft:sticky_piston":1,"minecraft:lever":4,"minecraft:chiseled_sandstone":18,"minecraft:villager_spawn_egg":6,"minecraft:mace":4,"minecraft:command_block":1,"minecraft:grass_block":4,"minecraft:stone_button":1,"minecraft:oak_pressure_plate":1,"elake_chemical:alcohol_lamp":33,"minecraft:cobblestone":1,"elake_chemical:flint_shovel":4,"minecraft:furnace":2,"minecraft:infested_cobblestone":1,"minecraft:repeating_command_block":16,"minecraft:stone_pressure_plate":1,"minecraft:bone_meal":5,"minecraft:cobweb":2},"minecraft:picked_up":{"elake_chemical:ir":1,"elake_chemical:grass_fiber":5325,"minecraft:leather":2,"minecraft:lead":2,"minecraft:infested_cobblestone":1,"minecraft:oak_log":2,"minecraft:string":2,"minecraft:dirt":5,"minecraft:wheat_seeds":2502,"minecraft:poppy":2,"elake_chemical:alcohol_lamp":1,"minecraft:sandstone":12,"minecraft:glow_item_frame":2,"minecraft:copper_ingot":63,"elake_chemical:gd":2,"minecraft:coal":1,"minecraft:cobblestone":11},"minecraft:broken":{"elake_chemical:stone_hammer":2}},"DataVersion":3955}