{"stats":{"minecraft:dropped":{"elake_chemical:alcohol_lamp":1,"elake_chemical:grass_fiber":2,"elake_chemical:ir":1,"minecraft:infested_cobblestone":1,"minecraft:coal":1},"minecraft:killed":{"minecraft:trader_llama":2,"minecraft:wandering_trader":1,"minecraft:villager":7},"minecraft:used":{"minecraft:oak_log":5,"minecraft:short_grass":1,"minecraft:sticky_piston":1,"minecraft:lever":4,"elake_chemical:test_block_entity":1,"minecraft:mace":4,"minecraft:villager_spawn_egg":6,"minecraft:chiseled_sandstone":16,"minecraft:flint_and_steel":1,"minecraft:command_block":1,"minecraft:grass_block":4,"elake_chemical:stone_hammer":54,"minecraft:smooth_sandstone_slab":184,"minecraft:sandstone":61,"elake_chemical:test_block":2,"elake_chemical:alcohol_lamp":33,"minecraft:sandstone_wall":35,"minecraft:smooth_sandstone_stairs":105,"elake_chemical:flint_sword":4,"minecraft:torch":2,"minecraft:glow_item_frame":83,"elake_chemical:flint_pickaxe":2,"minecraft:cobblestone":1,"elake_chemical:flint_shovel":4,"elake_chemical:flint_axe":3,"minecraft:crafting_table":2,"minecraft:furnace":2,"minecraft:blast_furnace":1,"minecraft:infested_cobblestone":1,"minecraft:repeating_command_block":14,"minecraft:painting":2,"minecraft:bone_meal":5,"minecraft:cobweb":2},"minecraft:crafted":{"elake_chemical:copper_plate":5,"minecraft:air":0,"elake_chemical:graphite":6},"minecraft:killed_by":{"minecraft:husk":1},"minecraft:custom":{"minecraft:time_since_rest":37055,"minecraft:interact_with_furnace":13,"minecraft:sprint_one_cm":38242,"minecraft:damage_taken":276,"minecraft:walk_one_cm":165701,"minecraft:mob_kills":10,"minecraft:drop":21,"minecraft:damage_dealt":2141,"minecraft:interact_with_crafting_table":17,"minecraft:fly_one_cm":54451,"minecraft:crouch_one_cm":2793,"minecraft:play_time":368303,"minecraft:deaths":1,"minecraft:sneak_time":1675,"minecraft:jump":429,"minecraft:interact_with_blast_furnace":10,"minecraft:leave_game":46,"minecraft:time_since_death":331272,"minecraft:total_world_time":662354,"minecraft:fall_one_cm":1382},"minecraft:picked_up":{"elake_chemical:ir":1,"minecraft:sandstone":10,"elake_chemical:grass_fiber":5292,"minecraft:glow_item_frame":2,"minecraft:leather":2,"minecraft:lead":2,"minecraft:infested_cobblestone":1,"minecraft:oak_log":2,"minecraft:dirt":5,"minecraft:string":2,"minecraft:wheat_seeds":2489,"minecraft:poppy":2,"elake_chemical:gd":2,"elake_chemical:alcohol_lamp":1,"minecraft:coal":1,"minecraft:cobblestone":11},"minecraft:mined":{"minecraft:short_grass":168,"minecraft:grass_block":5,"minecraft:oak_log":1,"minecraft:poppy":2,"minecraft:cobweb":2,"minecraft:tall_grass":7,"minecraft:cobblestone":1,"minecraft:stone":10,"minecraft:sandstone":2}},"DataVersion":3955}